491 randoms,,,
collection,id,spanish,english
2,1,xBd,DlLq
2,2,pTIGs,JoH
2,3,LeIkg,wIdxtml
2,4,Mis,RyQGL
2,5,xVcEvpO,Dtjd
2,6,iCmkX,fQs
2,7,aIwQXT,zyPA
2,8,wylyu,ngQHWhk
2,9,iGcZL,lTZEN
2,10,jENFmY,ZwOGr
2,11,vpmLvB,vSIGI
2,12,yOZmou,zAaGcc
2,13,VvG,GAZyJp
2,14,FSyhAh,qRZxu
2,15,JikunKK,NpjlrNz
2,16,hSsjjIP,IPSj
2,17,vlEokmf,MqXp
2,18,SmTS,HrN
2,19,cfkwBFr,rZb
2,20,uJgUEHp,DmTz
2,21,cwWpl,aPILoI
2,22,YhA,eRhiCzb
2,23,wlN,nwmIC
2,24,jlB,InJz
2,25,Uql,rtZuf
2,26,ZhSrb,RLAkUB
2,27,Uges,VdIHC
2,28,JGx,ohbczOU
2,29,usLO,AEGn
2,30,LtWW,dBkzce
2,31,LRFs,zsNjHZ
2,32,bXttHy,vtcQp
2,33,hLWphZ,TdE
2,34,SDPYIU,PmLIxj
2,35,SfVHnu,EkVqeJ
2,36,ZjilG,awR
2,37,XpZIXvt,PXDP
2,38,yXBKCZ,Ccj
2,39,xSGTh,fkiqnE
2,40,ngI,MqE
2,41,UWWnl,lAnvmH
2,42,ajKz,rhH
2,43,vaZWder,VUFZS
2,44,XqXLc,SwvHO
2,45,WXu,XIecAo
2,46,sFoWtxJ,lnoU
2,47,GwslNO,iZV
2,48,OpeSG,kCteUh
2,49,FtV,HWbb
2,50,UFMhvzt,BcZcs
2,51,FXuHWOJ,Orj
2,52,tcJTL,Jje
2,53,Iya,vReFKv
2,54,buXpW,LnLAHxy
2,55,mLjfOX,rbP
2,56,nZOIo,cYuZZe
2,57,TmC,LpPKlwz
2,58,OIfCyUJ,DzPFtd
2,59,xXOJU,GoMeZc
2,60,tEM,YDJNKDa
2,61,qSqI,ZdEhsF
2,62,WDSLN,bTAbjo
2,63,DYogzp,YRCfM
2,64,YzRdpbB,buIqpQt
2,65,FvdufjI,KMME
2,66,HcpZM,Swrlr
2,67,appuC,MMvpCd
2,68,xqznZDG,GVlzQl
2,69,oteu,lEWx
2,70,WuZcHQY,SzwSk
2,71,dipqW,cqjdqgw
2,72,gBMY,bqM
2,73,MLVC,eMCwz
2,74,MbDzrs,kfJTBWW
2,75,IAubD,RtLRf
2,76,OFzrX,JJhHgVW
2,77,ybVXR,tXEbN
2,78,rUg,JJoTaIH
2,79,Yxlrhv,AaH
2,80,jyu,RZPlAQe
2,81,buBrI,cXT
2,82,OKfYj,uiC
2,83,cwblA,iJa
2,84,dag,XXgIlfF
2,85,RBslHQC,ArHtfQ
2,86,olXoptf,WgEQLoN
2,87,vKfkJ,hYwoOg
2,88,EgkKBw,eoTrpwZ
2,89,qEJH,cENP
2,90,THv,fdTsWB
2,91,AHBP,BWJqthE
2,92,uEP,RQCl
2,93,lvIGt,arvW
2,94,KvhfAoH,HFjiQWS
2,95,PIOHw,bhBwb
2,96,xaEfAfr,VMkZ
2,97,ITpmDMh,bcxUCen
2,98,LgdRYex,XyAJNPs
2,99,lojftjR,vwB
2,100,cOel,VBEywQ
2,101,rZQCR,ttavPwP
2,102,xFtvRV,gFkPO
2,103,FvcgSH,vQdi
2,104,uxzbS,yMoBdgO
2,105,iUh,GUZMIh
2,106,dnmt,Ohk
2,107,VAW,ntYlCF
2,108,IVmDuot,FXut
2,109,ZZCstFi,bGZAfa
2,110,OJMVku,AdBYVhA
2,111,hMuE,NXGkfv
2,112,Amdb,gsB
2,113,rSzmGO,Jul
2,114,uMEgC,PwVyMz
2,115,jTRYNo,xcwrTdB
2,116,eeTNWRL,QxsvY
2,117,dDHxww,eof
2,118,WnsJS,nLI
2,119,JtMxV,NEaPmcE
2,120,chpjKcm,WnmBar
2,121,xNF,toLp
2,122,MeDU,Ktz
2,123,tBJ,kduJQK
2,124,ufVn,nvsxQBU
2,125,CHIXSp,bBc
2,126,eXRZVe,KYdBc
2,127,CRRjFa,UcsTs
2,128,DtoCe,hePv
2,129,RPPHCGD,EPdATw
2,130,qhRt,uNmx
2,131,nNRChq,pNQjy
2,132,oYbzP,LvN
2,133,kDQZJu,lrwHg
2,134,EmyPHze,zhH
2,135,rwz,nUh
2,136,XJwQ,sJQ
2,137,lgk,kJfdZij
2,138,wDSzI,TToBABd
2,139,QmnfL,dVX
2,140,SeXiooQ,fMon
2,141,cIxP,AmsgL
2,142,EBXp,jaqQDv
2,143,dTc,SVFB
2,144,iKaKhS,wetseRU
2,145,ONw,JteEqSn
2,146,kOmwMg,WGebDs
2,147,BcUbu,yrPa
2,148,SMTJPR,wygEqA
2,149,WIor,UvNv
2,150,iKSTOCe,CObjbA
2,151,ncksFdy,SFSe
2,152,DEDBb,vpzK
2,153,jgQ,njqe
2,154,LHvdcK,rliCcjA
2,155,goKJJ,kuoua
2,156,Nfjo,CxqJrO
2,157,GVT,jBdgqFj
2,158,Vaax,eNmRdM
2,159,Bmwb,pOjjj
2,160,YiKlls,OJaaxTY
2,161,IXAV,EkSy
2,162,akrC,QcbZTFP
2,163,LwfvrcU,ZoIFSK
2,164,dJoHi,EbLS
2,165,mgSdLYW,DIj
2,166,WxPeFkh,whTbQ
2,167,mCfWq,ZJlb
2,168,mPtHMIa,pfASBuX
2,169,uzgIr,iYuigvX
2,170,DQBLBT,vQa
2,171,uma,LlSuKex
2,172,agi,JGt
2,173,kuTmKV,nsaSZqU
2,174,uJtJz,PTBFB
2,175,dsHpr,DhS
2,176,uVx,imgiFiZ
2,177,KYFpx,TIs
2,178,Tcn,YpGN
2,179,VDjc,wYSw
2,180,YkyD,CfoOj
2,181,QdOSp,MrVH
2,182,hyq,ScSY
2,183,UOplN,UuHIyr
2,184,xxHcqw,UwHt
2,185,JfIUFfz,KrPKtur
2,186,edPxoxB,NuB
2,187,RljU,lWCOQ
2,188,DICq,Wwcayy
2,189,tdeXO,ZHB
2,190,CsPCFH,xgMzV
2,191,MCvU,LVv
2,192,WXth,NbQhlp
2,193,jnNwx,qDc
2,194,TUJ,eWVTe
2,195,sEFzyg,LAR
2,196,LCSca,KBo
2,197,UxiK,UwE
2,198,BMw,ucKG
2,199,tNoKkd,oBDkNf
2,200,nsscSG,kyacBuK
2,201,PkCMlaz,PEl
2,202,aeUl,hstGYb
2,203,hNJsxg,RpgOHAl
2,204,qkpMDR,MpvW
2,205,RtsA,rpzyrp
2,206,buXf,ZzyCM
2,207,PYAC,nLDWVK
2,208,SDzHGor,cRXOno
2,209,jiHz,PGIq
2,210,IlVqAO,AoLfMQ
2,211,RVrI,KhA
2,212,TZB,UOhc
2,213,qQSjhmK,GNbO
2,214,TSzWV,LZFdVs
2,215,rYmi,qpg
2,216,ihWAShh,stvTq
2,217,cZQTndf,XmPdaW
2,218,hdM,AQuGriD
2,219,dWTXTsh,Lla
2,220,QFJH,hQcLt
2,221,RJuIuH,IVwKU
2,222,joa,nseAs
2,223,tdgkXRs,NJIdA
2,224,AlZPf,owgV
2,225,SbvOt,QYzR
2,226,UWVYMyv,dwLljA
2,227,LgOzXE,vQaLJeg
2,228,lWDIe,KPi
2,229,yAxp,nRDv
2,230,JOXJXpi,nFOg
2,231,YObRkY,xJlkCRE
2,232,fmcEb,ruUrEGB
2,233,XlWuz,JyJPySO
2,234,MwMc,Ggh
2,235,PLhldQb,CILr
2,236,QmM,SWHQg
2,237,UeObKW,lJi
2,238,Dbqij,GdKhnAd
2,239,FJCoyn,FQN
2,240,vxgNqXT,TXLWy
2,241,txnw,rvQ
2,242,hEeX,JSQHm
2,243,Ecr,ljDlf
2,244,iyoiXdm,xtk
2,245,wSEAJE,CNa
2,246,PIYUPG,UazefE
2,247,oecdnK,jtvEKNL
2,248,BxGEfkQ,Rcjg
2,249,yShbM,HiKKxS
2,250,GbrXC,dcSEnb
2,251,vKQKo,Sng
2,252,euayVBM,nbfY
2,253,QAQrE,xKCtDMM
2,254,UdbXmX,dWP
2,255,tzro,SBfHYyy
2,256,jIZsk,gJa
2,257,ImelwZ,guTMPsY
2,258,bwkF,Xhqzwum
2,259,DJhcZiO,whRFd
2,260,AYvGM,WvTVlf
2,261,wxG,Sedoko
2,262,qjmo,ehYu
2,263,XDf,ojNHx
2,264,wjGZ,kReQcF
2,265,PjgvPyi,PpoR
2,266,pLQJvm,UbEmB
2,267,xHKLC,VuBR
2,268,JmZpqKG,pVCrB
2,269,fhZKF,ZUhb
2,270,KwuQl,DYIb
2,271,BiiO,udT
2,272,yhBwull,Btks
2,273,ncFWCc,sKSuCK
2,274,WWQS,HEJnjZJ
2,275,jux,iqHvRB
2,276,CthnsVB,ySiCCRX
2,277,CrpsfH,QQDeptB
2,278,Ywk,cAEej
2,279,SuzXAni,dPOmW
2,280,AbMah,JWN
2,281,ZfNhDNG,FRAVQEV
2,282,Jzounx,NKHZxcK
2,283,RqrMk,kPPfmU
2,284,aedNzOh,IZGbn
2,285,Rcj,klkVPig
2,286,SYz,LKtodYd
2,287,ojx,uEJTXKS
2,288,BEuUnJ,nWmRJfE
2,289,LpdHEKQ,MzPczT
2,290,rUXY,IYNrFo
2,291,dBBIk,dioa
2,292,RrZVfp,NlrsQmL
2,293,xxGva,gbEqVIY
2,294,bcfT,sjKnnz
2,295,Pgvz,UgRl
2,296,GZEugF,dpfTQ
2,297,SqprxRT,SRoFy
2,298,tcF,ixXJ
2,299,DIq,sKUuY
2,300,kYeBcZ,qIlG
2,301,bxQLgb,FAUaj
2,302,geZgUl,eAG
2,303,rVf,BVjZ
2,304,Dku,Failyr
2,305,vavdu,DZMI
2,306,olWkW,BjLtC
2,307,Yhhgf,dwEW
2,308,WBjqLh,TLp
2,309,gfHn,BqFZvc
2,310,bsHb,zNJFQhQ
2,311,HlMeB,ZQNY
2,312,mZcTvAP,LadhA
2,313,mIDYthH,saY
2,314,ebh,RHY
2,315,lGPLC,zJtGg
2,316,VnCC,wuoV
2,317,oePAY,krUVN
2,318,BdsrZDh,YMJw
2,319,kZMvjn,mZXf
2,320,YdbW,wvhJKdy
2,321,vIAAkDv,wVykq
2,322,Hrakb,kjeS
2,323,gEsdQ,IPzZlhx
2,324,vssX,FJeDZO
2,325,cRoKg,ghNqp
2,326,esvHGD,lFaNXmO
2,327,kjLBUH,gKJD
2,328,xVmkv,XGQ
2,329,jwFrmSu,DTP
2,330,DKNEXB,lXGNqET
2,331,qXQyX,ahcwUF
2,332,lCrRGWA,mjpRa
2,333,gVtliM,szDq
2,334,byxgkw,zNMb
2,335,iVzF,aEO
2,336,JDsH,iUXBzF
2,337,BTMYNsw,rAMMTf
2,338,WRm,lhObw
2,339,aOXYJ,vYD
2,340,IYB,MWAyBE
2,341,InkCGY,UCtv
2,342,CEhp,MlrMjx
2,343,Hfgj,xAv
2,344,Hmp,zERH
2,345,IYa,rGS
2,346,AgjXct,PEmPzTi
2,347,IvOvSK,TGJS
2,348,NULsOv,Pqi
2,349,mfwZXr,hkx
2,350,tDShb,SEUgy
2,351,DNsl,aihvlxw
2,352,TIrbue,FTWWErh
2,353,sPOOS,YGPzY
2,354,RVEGY,zEaHj
2,355,LZrAzof,sXTwEY
2,356,TxpxkcA,srA
2,357,fLqWGk,OtaX
2,358,ddUb,buIe
2,359,DICtu,UfNgWM
2,360,BztggNa,YoIj
2,361,GGEL,onS
2,362,kTbcb,VVcPVU
2,363,DUVSgD,irRvd
2,364,VETys,azH
2,365,NipaIg,zNDFv
2,366,ogQ,nGKmfsb
2,367,EtEq,CnyUa
2,368,Mnav,HTqF
2,369,gyA,gmZmi
2,370,VWEPid,hfZjUDj
2,371,Izd,HDRpOi
2,372,zbi,LLUBo
2,373,VkZBXvt,NDAF
2,374,Fzu,KlDYDMn
2,375,AovU,MxRX
2,376,NyLyzn,HaExm
2,377,LyqccuN,eVXg
2,378,rXMd,gyGES
2,379,BCrD,LIymG
2,380,akDSGt,uYxwgY
2,381,zQoN,peOsif
2,382,wgRaAd,gTPXA
2,383,Vespo,XwLrYZ
2,384,SWhCMa,ZMS
2,385,WMPyqY,wNs
2,386,QRpHtw,CaRSI
2,387,SCx,kVBtVTL
2,388,hfPN,RKbs
2,389,tfkE,uCGBS
2,390,gXdQk,RvibVj
2,391,dbl,SOoAR
2,392,Bam,oDeeSnb
2,393,CquBYbx,rKFl
2,394,DlnJ,ZdMAQ
2,395,YTWNBnY,sJPDXS
2,396,lDuApS,qLIN
2,397,MVY,NQLM
2,398,qBCcj,kyFmM
2,399,EZXHbI,vKu
2,400,UdRXh,pikwj
2,401,gRp,SQtyefe
2,402,JnpAU,AyixJK
2,403,Ifk,WIuZHvN
2,404,lLTV,CxFyRA
2,405,UNVVzR,CDawIfW
2,406,rXYK,OGY
2,407,zRwXlf,YdIQtb
2,408,aANRhfd,ATM
2,409,UWfPTHW,bEEF
2,410,guGN,wnw
2,411,CIElvo,TLMKn
2,412,lFCNR,RXhX
2,413,FUyol,UyCTy
2,414,ShwEpH,lTzGqV
2,415,AlHg,oXxh
2,416,jOvSG,tzVFVml
2,417,bFTg,Zyfcn
2,418,YpACeN,pchJF
2,419,dxyyn,PMhA
2,420,eLqibO,PPOVbLX
2,421,QuGOo,kjKp
2,422,vfzqdw,xmFL
2,423,kQrXjYK,KTLQGI
2,424,svOSB,NZXgrJx
2,425,LbZx,XOtwn
2,426,onxYx,RQLLmo
2,427,AzGYT,CxX
2,428,RUnui,iYqzHR
2,429,EEgHfRX,AEXpCQg
2,430,eZya,rPBWLo
2,431,tEUX,JRxI
2,432,exSQXhh,YQmGwnJ
2,433,mUyPRa,gcuWeE
2,434,IJZMOwJ,pkvqdt
2,435,Mttzjn,fJqeX
2,436,AIJM,ZVJ
2,437,yST,NKeppuy
2,438,bYSwlHH,GXRn
2,439,JbX,jee
2,440,cFJZ,RTjHikX
2,441,oWXC,JoJuBUm
2,442,WGkAOiU,gfthJm
2,443,bzMUA,aOcDGh
2,444,aCFM,iwmdW
2,445,ruLdGz,fgcXTxp
2,446,hzht,xBbWrTw
2,447,ztef,DEOgV
2,448,cCka,mApafBt
2,449,NpaRFs,FuChTi
2,450,hXsG,vYjDlWz
2,451,ULscFY,FMPPSv
2,452,cuJ,iZA
2,453,rwcoEY,XOPTrC
2,454,GvY,Zzf
2,455,DfR,ivbOlm
2,456,BoKHGA,kGabgTM
2,457,kjPZD,hkljTfL
2,458,XRD,TMfZ
2,459,FCTdOoc,dBeB
2,460,UkU,cJkyOjg
2,461,fUTj,jiLnSR
2,462,gBItdI,rHACh
2,463,sBcuY,MTRxfq
2,464,Aine,tDC
2,465,mRPUTu,ufx
2,466,tQDK,sWe
2,467,rISvYdN,UdnJaB
2,468,sFvlc,ZCC
2,469,jrKs,xaKG
2,470,UCym,YGLHRoO
2,471,Idg,QNNOxm
2,472,zZstx,WEeiQ
2,473,hDoyi,phBksXL
2,474,UWRcF,whKn
2,475,sPDHbG,ThlJC
2,476,ymoVtw,acBFogP
2,477,WRg,TFiNO
2,478,XJup,PXSgSC
2,479,eawGC,gQjOah
2,480,lNm,YofH
2,481,bvieTd,jPz
2,482,wSRGU,wmEQcFj
2,483,Npo,PsPPX
2,484,TNY,pkdDPzy
2,485,icQJq,qzc
2,486,VPwubn,cclaE
2,487,PFguJQY,dUdxs
2,488,pehEiN,UhB
2,489,jpM,SEUO
2,490,hfPfJUL,RNICD
2,491,IZqubv,UlCzdQE
